{"stats":{"minecraft:mined":{"minecraft:grass_block":1,"minecraft:oak_log":6,"minecraft:oak_leaves":1},"minecraft:custom":{"minecraft:jump":38,"minecraft:leave_game":1,"minecraft:time_since_rest":1455,"minecraft:damage_taken":40,"minecraft:damage_dealt":109,"minecraft:sprint_one_cm":4362,"minecraft:play_time":1455,"minecraft:time_since_death":1455,"minecraft:walk_one_cm":2769,"minecraft:total_world_time":1455,"minecraft:mob_kills":1,"minecraft:fall_one_cm":2192,"minecraft:fly_one_cm":8347},"minecraft:killed":{"minecraft:bee":1},"minecraft:used":{"minecraft:oak_log":6,"minecraft:dirt":1},"minecraft:picked_up":{"minecraft:oak_log":6,"minecraft:dirt":1}},"DataVersion":2860}